<?xml version="1.0" encoding="UTF-8"?>
<project xmlns="http://maven.apache.org/POM/4.0.0" xmlns:xsi="http://www.w3.org/2001/XMLSchema-instance" xsi:schemaLocation="http://maven.apache.org/POM/4.0.0 http://maven.apache.org/maven-v4_0_0.xsd">
  <parent>
    <artifactId>flink-connectors</artifactId>
    <groupId>org.apache.flink</groupId>
    <version>1.8.2</version>
    <relativePath>../../pom.xml</relativePath>
  </parent>
  <modelVersion>4.0.0</modelVersion>
  <artifactId>flink-connector-kinesis_2.11</artifactId>
  <name>flink-connector-kinesis</name>
  <build>
    <plugins>
      <plugin>
        <artifactId>maven-jar-plugin</artifactId>
        <executions>
          <execution>
            <goals>
              <goal>test-jar</goal>
            </goals>
          </execution>
        </executions>
      </plugin>
      <plugin>
        <artifactId>maven-shade-plugin</artifactId>
        <executions>
          <execution>
            <id>shade-flink</id>
            <phase>package</phase>
            <goals>
              <goal>shade</goal>
            </goals>
            <configuration>
              <promoteTransitiveDependencies>true</promoteTransitiveDependencies>
              <artifactSet>
                <includes>
                  <include>com.amazonaws:*</include>
                  <include>com.google.protobuf:*</include>
                  <include>org.apache.httpcomponents:*</include>
                </includes>
              </artifactSet>
              <relocations>
                <relocation>
                  <pattern>com.google.protobuf</pattern>
                  <shadedPattern>org.apache.flink.kinesis.shaded.com.google.protobuf</shadedPattern>
                </relocation>
                <relocation>
                  <pattern>com.amazonaws</pattern>
                  <shadedPattern>org.apache.flink.kinesis.shaded.com.amazonaws</shadedPattern>
                </relocation>
                <relocation>
                  <pattern>org.apache.http</pattern>
                  <shadedPattern>org.apache.flink.kinesis.shaded.org.apache.http</shadedPattern>
                </relocation>
              </relocations>
            </configuration>
          </execution>
        </executions>
      </plugin>
    </plugins>
  </build>
  <dependencies>
    <dependency>
      <groupId>com.google.guava</groupId>
      <artifactId>guava</artifactId>
      <version>18.0</version>
      <scope>compile</scope>
    </dependency>
    <dependency>
      <groupId>commons-io</groupId>
      <artifactId>commons-io</artifactId>
      <version>2.4</version>
      <scope>compile</scope>
    </dependency>
    <dependency>
      <groupId>commons-codec</groupId>
      <artifactId>commons-codec</artifactId>
      <version>1.10</version>
      <scope>compile</scope>
    </dependency>
    <dependency>
      <groupId>software.amazon.ion</groupId>
      <artifactId>ion-java</artifactId>
      <version>1.0.2</version>
      <scope>compile</scope>
    </dependency>
    <dependency>
      <groupId>com.fasterxml.jackson.core</groupId>
      <artifactId>jackson-databind</artifactId>
      <version>2.6.7.1</version>
      <scope>compile</scope>
    </dependency>
    <dependency>
      <groupId>com.fasterxml.jackson.core</groupId>
      <artifactId>jackson-annotations</artifactId>
      <version>2.6.0</version>
      <scope>compile</scope>
    </dependency>
    <dependency>
      <groupId>com.fasterxml.jackson.core</groupId>
      <artifactId>jackson-core</artifactId>
      <version>2.6.7</version>
      <scope>compile</scope>
    </dependency>
    <dependency>
      <groupId>com.fasterxml.jackson.dataformat</groupId>
      <artifactId>jackson-dataformat-cbor</artifactId>
      <version>2.6.7</version>
      <scope>compile</scope>
    </dependency>
    <dependency>
      <groupId>joda-time</groupId>
      <artifactId>joda-time</artifactId>
      <version>2.5</version>
      <scope>compile</scope>
    </dependency>
    <dependency>
      <groupId>commons-lang</groupId>
      <artifactId>commons-lang</artifactId>
      <version>2.6</version>
      <scope>compile</scope>
    </dependency>
    <dependency>
      <groupId>commons-logging</groupId>
      <artifactId>commons-logging</artifactId>
      <version>1.1.3</version>
      <scope>compile</scope>
    </dependency>
    <dependency>
      <groupId>org.apache.flink</groupId>
      <artifactId>force-shading</artifactId>
      <version>1.8.2</version>
      <scope>compile</scope>
    </dependency>
  </dependencies>
  <properties>
    <aws.kinesis-kcl.version>1.9.0</aws.kinesis-kcl.version>
    <aws.sdk.version>1.11.319</aws.sdk.version>
    <aws.dynamodbstreams-kinesis-adapter.version>1.4.0</aws.dynamodbstreams-kinesis-adapter.version>
    <aws.kinesis-kpl.version>0.12.9</aws.kinesis-kpl.version>
  </properties>
</project>

